SNo,Date,StartupName,IndustryVertical,SubVertical,CityLocation,InvestorsName,InvestmentType,AmountInUSD,Remarks
1,01/08/2017,TouchKin,Technology,Predictive Care Platform,Bangalore,Kae Capital,Private Equity,1300000,
2,02/08/2017,Zepo,Consumer Internet,DIY Ecommerce platform,Mumbai,"Kunal Shah, LetsVenture, Anupam Mittal, Hetal Sonpal",Seed Funding,500000,
3,02/08/2017,Click2Clinic,Consumer Internet,healthcare service aggregator,Hyderabad,"Narottam Thudi, Shireesh Palle",Seed Funding,850000,
4,01/07/2017,Billion Loans,Consumer Internet,Peer to Peer Lending platform,Bangalore,Reliance Corporate Advisory Services Ltd,Seed Funding,1000000,
5,03/07/2017,Ecolibriumenergy,Technology,Energy management solutions provider,Ahmedabad,"Infuse Ventures, JLL",Private Equity,2600000,
6,04/07/2017,Droom,eCommerce,Online marketplace for automobiles,Gurgaon,"Asset Management (Asia) Ltd, Digital Garage Inc",Private Equity,20000000,
7,05/07/2017,Jumbotail,eCommerce,online marketplace for food and grocery,Bangalore,"Kalaari Capital, Nexus India Capital Advisors",Private Equity,8500000,
8,05/07/2017,Moglix,eCommerce,B2B marketplace for Industrial products,Noida,"International Finance Corporation, Rocketship, Accel Partners, Jungle Ventures, Shailesh Rao, Venture Highway",Private Equity,12000000,
9,05/07/2017,Timesaverz,Consumer Internet,Hyperlocal home services provider,Mumbai,BCCL,Private Equity,1000000,
10,07/07/2017,Clip App,Consumer Internet,Digital Media Video platform,Bangalore,"India Quotient, Shunwei Capital",Seed Funding,1000000,
11,10/07/2017,Autorox.co,Technology,Workshop Management Software Platform,Hyderabad,Mitsui & Co.,Private Equity,3000000,
12,11/07/2017,Fabogo,Consumer Internet,Salon & Spa Aggregation & Discovery platform,Pune,Dunamis Ventures Pte Ltd,Private Equity,2250000,
13,11/07/2017,Flickstree,Consumer Internet,Video Content Discovery Platform,Mumbai,"Venture Catalysts, Sourav Ganguly, Ankit Aditya, Moksh Sports Ventures",Seed Funding,464000,
14,12/07/2017,Innoviti,Technology,Digital payments solutions,Bangalore,"SBI-FMO Fund, Bessemer Venture Partners, Catamaran Ventures",Private Equity,18500000,
15,14/07/2017,QwikSpec,Technology,Construction site operations and analytics platform,Bangalore,"Brigade Innovations LLP, TV Mohandas Pai, Suhail Rahman, Bobby Reddy, M George Oommen",Seed Funding,540000,
16,14/07/2017,Chumbak,eCommerce,Designer consumer products Marketplace,Bangalore,Blacksoil Capital Pvt. Ltd,Private Equity,1700000,
17,17/07/2017,Increff,Technology,Sales Solutions for Fashion Brands,Bangalore,"Sequoia Capital, Grey Orange, Rajesh Ramaiah, Anshuman Das, Rishi Das",Seed Funding,2000000,
18,17/07/2017,Vayana,Technology,Enterprise Banking Solutions,Pune,"IDG Ventures India Advisors, Jungle Ventures",Private Equity,4000000,
19,19/07/2017,Rentomojo,Consumer Internet,Consumer Leasing Platform,Bangalore,"ain Capital Ventures, Renaud Laplanche",Private Equity,10000000,
20,19/07/2017,Playablo,Technology,Gamified Learning App,Bangalore,ABI-Showatech (India) Ltd,Seed Funding,600000,
21,20/07/2017,Trupay,Technology,Online payments platform,Gurgaon,"Kae Capital, M&S Partners,",Seed Funding,700000,
22,21/07/2017,Brick2Wall,eCommerce,Online Marketplace for Construction Material,Gurgaon,"Subramani Somasundaram, Sundeep Sahni, Mayank Mittal & Others",Seed Funding,200000,
23,25/07/2017,Noticeboard,Consumer Internet,Mobile-first Enterprise communication platform,Bangalore,"Stellaris Venture Partners,",Private Equity,1200000,
24,25/07/2017,Byju’s,Consumer Internet,Mobile Learning App,Bangalore,Tencent Holdings,Private Equity,35000000,
25,26/07/2017,Fab Hotels,Consumer Internet,Budget hotels brand & Aggregator Platform,New Delhi,Goldman Sachs,Private Equity,25000000,
26,26/07/2017,ThinkerBell,Consumer Internet,Assisted Learning Startup,Bangalore,"Indian Angel Network, Anand Mahindra",Seed Funding,200000,
27,27/07/2017,1mg,eCommerce,Online Pharmacy,Gurgaon,"HBM Healthcare Investments, Maverick Capital Ventures, Sequoia India, Omidyar Network and Kae Capital",Private Equity,15000000,
28,28/07/2017,BigStylist,Consumer Internet,Beauty Services Marketplace,Mumbai,Info Edge (India) Ltd,Private Equity,1250000,
29,05/06/2017,Goomo,Consumer Internet,Online Travel & Holiday Booking platform,Mumbai,Emerging India,Private Equity,50000000,
30,06/06/2017,Spinny,eCommerce,Online Used Car marketplace,Gurgaon,"Blume Ventures, Indian Angel Network, Kunal Shah, Sandeep Tandon",Private Equity,1000000,
31,06/06/2017,BHIVE Workspace,Consumer Internet,co-working spaces,Bangalore,Blume Ventures,Private Equity,1200000,
32,06/06/2017,wayForward,Consumer Internet,Mobile app for Mental Health,New Delhi,"Harsh Mahajan, Farhan Naqvi, Sreepathy Viswanathan",Seed Funding,1000000,
33,07/06/2017,ZipLoan,Consumer Internet,Online lending platform,New Delhi,WaterBridge Ventures,Seed Funding,650000,
34,07/06/2017,GrowFitter,Consumer Internet,health and fitness discovery platform,Mumbai,SQue Capital,Seed Funding,600000,
35,08/06/2017,Stratfit,Consumer Internet,Health coaching programs,Hyderabad,Bodhtree Consulting Limited,Seed Funding,232000,
36,08/06/2017,Multiplier Solutions,Technology,CRM Software for Healthcare space,Hyderabad,Norwest Venture Partners,Private Equity,1500000,
37,08/06/2017,ABI Health,Technology,Unified Digital Health Platform,Bangalore,Norwest Venture Partners,Private Equity,1500000,
38,08/06/2017,Stockal,Consumer Internet,App-based Investment advisory Services,Bangalore,"Mohan Alexander, R. Natarajan, Vikrant Varshney, Amit Sinha",Seed Funding,350000,
39,09/06/2017,Guidoo,Consumer Internet,Travel & adventure planning platform,Mumbai,"Pawan Borle, Nirmal Singh, Manish Prasad, Vineet Varma, Nick Haulkoury, Abhai S. Rao",Seed Funding,300000,
40,09/06/2017,eSahai.in,Consumer Internet,ambulance aggregator and medical taxi provider,Hyderabad,"Dr Ramesh Ayyala, Satya Muthyala",Seed Funding,250000,
41,12/06/2017,LendingKart,Consumer Internet,Online Lending platform,Ahmedabad,Yes Bank,Debt Funding,7800000,
42,12/06/2017,Boxx.ai,Technology,Artificial Intelligence,Bangalore,"Unicorn India Ventures, Venky Krishnakumar, Suresh Shankar, Vivek Bhargava",Private Equity,500000,
43,12/06/2017,PeeSafe.in,Healthcare,Hygiene care product manufacturer,New Delhi,"Venture Catalysts, Alfa Capital, Green Shots Capital, Real Time Ventures",Private Equity,1000000,
44,12/06/2017,Vista Rooms,Consumer Internet,Online rooms aggregation platform,Mumbai,"Artha India Ventures, Singularity Holdings, Rajan Anandan, Girish Mathrubootham",Seed Funding,776000,
45,12/06/2017,CoverFox,Consumer Internet,Online insurance brokerage platform,Mumbai,Transamerica,Private Equity,15000000,
46,13/06/2017,Goodera,Technology,CSR and sustainability management platform,Bangalore,"Nexus Venture Partners, Omidyar Network",Private Equity,5500000,
47,14/06/2017,Ola,Consumer Internet,Cab Aggregation App,Bangalore,Tekne Capital Management LLC,Private Equity,50000000,
48,14/06/2017,MrNeeds,Consumer Internet,Micro Food Delivery platform,Noida,undisclosed investors,Seed Funding,500000,
49,15/06/2017,MoneyTap,Consumer Internet,Money Lending platform,Bangalore,"Sequoia India, NEA, Prime Venture Partners",Private Equity,12300000,
50,16/06/2017,Goodbox,eCommerce,Mobile SAAS  ECommerce platform for SMEs,Bangalore,"Nexus Venture Partners, Mekin Maheshwari",Private Equity,1000000,
51,16/06/2017,Fincash,Consumer Internet,Personal Finance platform,Mumbai,"Mohammed Khan, Sameer Narayan & Others",Seed Funding,100000,
52,16/06/2017,PortDesk,Technology,Maritime Solutions,Noida,Alphard Maritime Group,Seed Funding,2000000,
53,19/06/2017,Unbxd,Technology,Cloud-based product discovery platform,Bangalore,Eight Roads Ventures,Private Equity,12500000,
54,19/06/2017,DarwinBox,Technology,Enterprise human resources management platform,Hyderabad,"Lightspeed India Partners, Endiya Partners, 3one4 Capital Advisors LLP, Startupxseed Ventures LLP",Private Equity,4000000,
55,20/06/2017,ForeverShop,Consumer Internet,Mobile based ecommerce platform,Bangalore,91maker.com,Seed Funding,300000,
56,20/06/2017,Insider.in,Consumer Internet,Events Ticketing platform,Mumbai,Paytm,Private Equity,5200000,
57,21/06/2017,Fynd,eCommerce,Fashion etailer,Mumbai,"IIFL Seed Ventures, Kae Capital, FJ Labs, Singularity Ventures, GrowX, Tracxn Labs, Axis Capital",Private Equity,2400000,
58,21/06/2017,Grow Fit,Consumer Internet,Health-Tech platform,Bangalore,"Manipal Education and Medical Group (MEMG), SAR Group, The Grover Trust",Private Equity,4500000,
59,21/06/2017,Fabulyst,Technology,Artificial Intelligence based platform,Hyderabad,iBhubs,Seed Funding,215000,
60,21/06/2017,mSwipe,Technology,Point-of-Sale services,Mumbai,"UC-RNT Fund, Matrix Partners, alcon Edge Capital, DSG Consumer Partners",Private Equity,31000000,
61,22/06/2017,Julia Computing,Technology,Open Source Language for Data Science and Machine Learning,Bangalore,"General Catalyst, Founder Collective",Private Equity,4600000,
62,22/06/2017,Kissht,Consumer Internet,Consumer Lending platform,Mumbai,"Endiya Partners, Ventureast",Private Equity,2000000,
63,22/06/2017,Explore Life traveling,Consumer Internet,Local homes booking platform,Bangalore,"Mekin Maheshwari, Bharat Vijay, Krish Seshadri, Amar Arsikere",Seed Funding,500000,
64,23/06/2017,Loantap,Consumer Internet,Lending platform for salaried professionals,Mumbai,"Kae Capital, India Quotient, IFMR, and MAS Financial Services Ltd",Private Equity,4000000,
65,23/06/2017,Voxweb,Consumer Internet,Mobile based social networking platform,Mumbai,Undisclosed investors,Seed Funding,1000000,
66,26/06/2017,HUG Innovations,Technology,Gesture based  Smartwatch manufacturer,Hyderabad,"Mohit Srivastav, Kishore Ganji, Venkat Vallabhaneni, Rajeev Menon",Private Equity,5000000,
67,26/06/2017,Flipkart,eCommerce,Online marketplace,Bangalore,Naspers,Private Equity,71000000,
68,26/06/2017,V Resorts,Consumer Internet,Holiday & Vacation resort aggregator,Noida,"Seedfund, RB International",Private Equity,4000000,
69,27/06/2017,Stashfin,Consumer Internet,Personal Finance App,New Delhi,"Snow Leopard Ventures, Alto Partners",Private Equity,5000000,
70,27/06/2017,Spares Hub,eCommerce,Automobile parts marketplace,Pune,"The Chennai Angels, Anthill Scale Ventures, Esvee Technologies Inc, Inc95 Consulting",Seed Funding,311000,
71,28/06/2017,Rubique,Consumer Internet,Online Marketplace for financial products,Mumbai,"Kalaari Capital, Udayan Goyal",Private Equity,3000000,
72,28/06/2017,Niki.ai,Consumer Internet,AI Based Personal Assistant,Bangalore,"SAP.iO, Unilazer Ventures",Private Equity,2000000,
73,29/06/2017,Fitpass,Consumer Internet,Online Fitness Marketplace,New Delhi,"Abhinav Bindra, Gaurav Marya",Private Equity,1000000,
74,30/06/2017,Tagos Design,Technology,in-video discovery platform,Bangalore,Undisclosed Investors,Private Equity,5000000,
75,30/06/2017,UrbanClap,Consumer Internet,Mobile Services Marketplace,Gurgaon,"Vy Capital, SAIF Partners, Accel Partner, Bessemer Venture Partners",Private Equity,21000000,
76,01/05/2017,Ace2three,Consumer Internet,Online Rummy playing Website,Hyderabad,Clairvest Group,Private Equity,73700000,
77,01/05/2017,Power2SME,eCommerce,Buying portal for SMEs,Gurgaon,International Finance Corporation,Private Equity,10000000,
78,02/05/2017,Innovapptive,Technology,Enterprise Mobility Solutions,Hyderabad,Hyderabad Angels,Seed Funding,1500000,
79,02/05/2017,4tigo,Logistics,Truck Network company,Bangalore,"Accel Partners, Nandan Nilekani,",Private Equity,10000000,
80,02/05/2017,ZippServe,Consumer Internet,Real estate risk assessment platform,Bangalore,undisclosed investors,Seed Funding,390000,
81,03/05/2017,Ola,Consumer Internet,Cab Aggregation App,Bangalore,"Falcon Edge Capital,  Capital Advisers",Private Equity,104500000,
82,03/05/2017,Sumeru,Technology,Software & Mobile development services,Bangalore,undisclosed investors,Seed Funding,1000000,
83,05/05/2017,Balance App,Consumer Internet,Money Savings & Management App,Bangalore,Rainmatter,Seed Funding,233000,
84,08/05/2017,YepMe,eCommerce,Private Label Fashion etailer,Gurgaon,"Rainbow Digital Services Pvt. Ltd, ILearnFinance Academy Pvt. Ltd.",Private Equity,700000,
85,08/05/2017,MyGreens,Food & Beverage,Cold-press Juices manufacturer,New Delhi,"Ajay Relan, LetsVenture",Seed Funding,1000000,
86,08/05/2017,Ace Turtle,Technology,Omni-Channel Platform,Bangalore,"Vertex Ventures, C31 Ventures",Private Equity,5000000,
87,08/05/2017,CureFit,Technology,Health-Tech Platform,Bangalore,"RNT Capital, Gokul Rajaram, Aditya Agarwal, Ruchi Sanghvi & others",Private Equity,3000000,
88,09/05/2017,Curie Labs,Technology,Energy Analytics startup,New Delhi,Satoshi Studios,Seed Funding,50000,
89,10/05/2017,Vidooly,Consumer Internet,Video Intelligence platform,Noida,"Times Internet, GVFL",Private Equity,1400000,
90,10/05/2017,Shopclues,eCommerce,Online marketplace,Gurgaon,InnoVen Capital,Private Equity,7700000,
91,10/05/2017,Fourth Ambit,Consumer Internet,Community Building platform,Bangalore,1Crowd,Seed Funding,600000,
92,11/05/2017,Early Salary,Consumer Internet,Online lending platform,Pune,"DG Ventures India, Dewan Housing Finance Corp",Private Equity,4000000,
93,12/05/2017,Legal Raasta,Consumer Internet,Legal Services to SMEs & Individuals,New Delhi,Impanix Capital,Private Equity,5000000,
94,12/05/2017,Remit Guru,Consumer Internet,Digital money transfer platform,Mumbai,"Infibeam, CCavenue",Private Equity,466000,
95,12/05/2017,Aequm,eCommerce,Cloud ECommerce platform,Bangalore,undisclosed investors,Seed Funding,1000000,
96,15/05/2017,Zapty,Technology,Project Management tool,Bangalore,IdeaSpring Capital,Seed Funding,500000,
97,16/05/2017,Telr,Technology,Online Payment Gateway,Mumbai,Innovations East,Private Equity,3000000,
98,16/05/2017,Fynd,eCommerce,Fashion ECommerce Portal,Mumbai,Rocketship,Private Equity,500000,
99,17/05/2017,Genie,Consumer Internet,hyperlocal delivery and logistics mobile app,Chennai,undisclosed investors,Seed Funding,250000,
100,17/05/2017,Paysense,Consumer Internet,Online Lending platform,Mumbai,Jungle Ventures,Private Equity,5300000,
101,18/05/2017,The Good Life,ECommerce,Online Luxury Tea etailer,Mumbai,"Ayesha Takia Azmi, Abu Farhan Azmi",Seed Funding,1000000,
102,18/05/2017,Paytm,ECommerce,Mobile Wallet & ECommerce platform,Bangalore,SoftBank Group,Private Equity,1400000000,
103,19/05/2017,EzCred,Consumer Internet,Consumer Lending Platform,Bangalore,"Dheeraj Pandey, Rajesh Yohannan, Akash Garg",Seed Funding,1000000,
104,22/05/2017,Delhivery,Logistics,ECommerce Logistics provider,New Delhi,Fosun International,Private Equity,30000000,
105,22/05/2017,ZipGrid,Consumer Internet,"Cashless, paperless solutions for Housing societies",Mumbai,"JLL, 1Crowd",Seed Funding,500000,
106,23/05/2017,Magicpin,Consumer Internet,Hyperlocal discovery platform,Gurgaon,"Lightspeed Venture Partners, Vy Capital,",Private Equity,6600000,
107,23/05/2017,Box8,Consumer Internet,Food Delivery Platform,Mumbai,Trifecta Capital,Private Equity,1000000,
108,24/05/2017,GenNext Students,Consumer Internet,Online Tutoring Services,Mumbai,Undisclosed Investors,Seed Funding,580000,
109,25/05/2017,Aye Finance,Finance,Non-Banking Financial Company,Gurgaon,Blue Orchard,Private Equity,8000000,
110,29/05/2017,Collateral Medical,eCommerce,Online Medical equipment supplier,Mumbai,Carpediem Capital,Private Equity,3500000,
111,30/05/2017,Supr Daily,Consumer Internet,Subscription based delivery platform,Mumbai,"Soma Capital, Great Oaks Ventures, 122 West Ventures",Private Equity,1500000,
112,30/05/2017,Swiggy,Consumer Internet,Online food delivery platform,Bangalore,"Nasper, Accel India, SAIF Partners, Bessemer Venture Partners, Harmony Partners, Norwest Venture Partners",Private Equity,80000000,
113,31/05/2017,SastaSundar,eCommerce,Online Pharmacy,Kolkata,Rohto Pharmaceutical,Private Equity,5000000,
114,31/05/2017,Magicpin,Consumer Internet,Hyperlocal Discovery  & Rewards platform,Gurgaon,"Lightspeed India Partners, Waterbridge Ventures",Private Equity,7000000,
115,01/04/2017,Cashe,Consumer Internet,Online & Mobile based Lending platform,Mumbai,"Mathew Cyriac, Florintree Advisors,",Private Equity,3800000,
116,03/04/2017,Eruditus,Education,Executive Education Provider,Mumbai,Bertelsmann India,Private Equity,8200000,
117,03/04/2017,Healthcare at Home,Healthcare,Home Healthcare Provider,Noida,Quadria Capital Advisors,Private Equity,40000000,
118,04/04/2017,WayCool,Food & Beverage,Fresh-Produce Distribution Platform,Chennai,Aspada Investments,Private Equity,2700000,
119,04/04/2017,Perfios,Technology,Fin-Tech Solutions,Bangalore,Bessemer Venture Partners,Private Equity,6100000,
120,04/04/2017,Whatfix,Technology,Interactive Tech-Support Guides,Bangalore,"Stellaris Venture Partners, Helion Venture Partners, Powerhouse Ventures, Gokul Rajaram, Girish Mathrubootham, Aneesh Reddy, Vispi Daver",Private Equity,3690000,
121,04/04/2017,ElastiRun,Technology,App based Logistics & Distribution platform,Pune,"Kalaari Capital, Norwest Venture Partners",Private Equity,7000000,
122,04/04/2017,Trukky,Consumer Internet,Online Truck Aggregator & Booking platform,Ahmedabad,"Keyur Joshi, Pavan Bakeri",Seed Funding,500000,
123,04/04/2017,Konsult App,Consumer Internet,App based Doctor Consulting platform,New Delhi,"Koen Bouwers, Lomesh Agarwal, Jeroen Mensen, Pablo van den Bosch & Others",Seed Funding,500000,
124,05/04/2017,Fingerlix,Consumer Internet,Food Delivery Platform,Mumbai,Zephyr Peacock India,Private Equity,3000000,
125,06/04/2017,Medwell Ventures,Healthcare,Home-Based Healthcare provider,Bangalore,"Mahindra Partners, Eight Roads Ventures, F-Prime Capital Partners",Private Equity,21000000,
126,06/04/2017,Mech Mocha,Consumer Internet,Mobile gaming startup,Bangalore,"Accel Partners, Shunwei Capital",Private Equity,5000000,
127,07/04/2017,PharmEasy,eCommerce,Online Pharmacy,Mumbai,"Bessemer Venture Partners, Orios Venture Partners, Trifecta Capital,",Private Equity,18000000,
128,08/04/2017,FastFox,Consumer Internet,Online rental discovery platform,Gurgaon,"Lightspeed India Partners, Blume Ventures, CyberAgent Ventures, GrowX Ventures, IMJ Investment Partners",Private Equity,4600000,
129,10/04/2017,Omnify,Technology,SaaS platform for SMEs,Bangalore,"Rajan Anandan, L.D Sharma, Saurabh Arora",Seed Funding,150000,
130,10/04/2017,Capital Float,Consumer Internet,Online Lending Platform for SME,Bangalore,Mahindra and Mahindra Financial Services,Private Equity,2300000,
131,11/04/2017,Ninjacart,eCommerce,B2B agri-marketing platform,Bangalore,"Accel Partners, Nandan Nilekani’s NRJN Trust, Mistletoe, Qualcomm Ventures, M&S Partners",Private Equity,5500000,
132,11/04/2017,MergerWare,Technology,Software solutions for M&As,Bangalore,Philippe Bouchet,Seed Funding,100000,
133,12/04/2017,Clovia,eCommerce,Online lingerie & Sleepwear etailer,New Delhi,"Ivycap Ventures Advisors, Singularity Ventures and Ravi Dhariwal",Private Equity,4000000,
134,12/04/2017,Emiza,Logistics,Third Party Logistics provider,Mumbai,"Mayfield, Nishant Rao, Dileep Nath",Private Equity,4500000,
135,12/04/2017,HackerEarth,Consumer Internet,Online Skill Assessment Platform,Bangalore,"DHI Group Inc, Prime Venture Partners, Beenext, Beenos, Digital Garage, BizReach",Private Equity,4500000,
136,12/04/2017,Squadrun,Technology,Software-As-a-Service Platform,Noida,"Blume Ventures, Contrarian Capital, 91springboard, Emergent Ventures, Abstract Ventures, Anthill Ventures, Axilor Ventures",Private Equity,2100000,
137,13/04/2017,WeAreHolidays,Consumer Internet,Travel Packages & Planner marketplace,Gurgaon,"Urrshila Kerkar,",Private Equity,7700000,
138,14/04/2017,Ola Cabs,Consumer Internet,Cab Aggregator App,Bangalore,SIMI Pacific Pte,Private Equity,260000000,
139,15/04/2017,Myly,Consumer Internet,Mobile App for Schools,Jaipur,mall Industries Development Bank of India (SIDBI),Seed Funding,310000,
140,17/04/2017,CrediHealth,Consumer Internet,Online Medical Assistance platform,Gurgaon,"Tolaram Inc, Mountain Pine Capital",Private Equity,1500000,
141,17/04/2017,Snackible,Food & Beverages,Healthy Snacks manufacturer,Mumbai,"Nibhrant Shah, Anandbir Singh, Anirudh Sheth, Pratik Singhi, Vikram Mehta, Murali Nair",Seed Funding,175000,
142,17/04/2017,Be U Salons,Consumer Internet,Online Salon discovery & Booking Services,New Delhi,"Gaurav Kachru, Sundeep Singh Sahni, Jatin Aneja, Arun Malhotra",Seed Funding,620000,
143,17/04/2017,LendingKart,Consumer Internet,Lending platform for small businesses,Ahmedabad,Anicut Capital,Private Equity,4650000,
144,18/04/2017,Innefu Security Consulting,Technology,Cyber Security solutions using AI,New Delhi,IndiaNivesh Venture Capital Fund,Private Equity,2000000,
145,18/04/2017,Whodat,Technology,Markerless AR platform,Bangalore,Ideaspring Capital,Private Equity,600000,
146,18/04/2017,Absentia VR,Technology,Virtual Reality Startup,Bangalore,Exfinity Venture Partners,Private Equity,1250000,
147,19/04/2017,IOTrek,Technology,IoT Platform for Bus,New Delhi,Undisclosed Investor,Seed Funding,155000,
148,20/04/2017,HolaChef,Consumer Internet,Online Food Delivery,Mumbai,"SIDBI Venture Capital Ltd, Kalaari Capital",Private Equity,3000000,
149,21/04/2017,Video Ken,Consumer Internet,Video Based Collaborative Learning,Bangalore,"Ravi Garikipati, Surot Chatterjee, Ashish Agrawal, LG Chandrasekhar, Sashi Reddi",Seed Funding,1000000,
150,24/04/2017,Faasos,Food & Beverage,QSR chain and online food delivery,Pune,"Ligthbox Ventures II, Lightbox Expansion Fund, Sequoia Capital India, RuNet South Asia, RB Investments",Private Equity,6300000,
151,24/04/2017,Oyo Rooms,Consumer Internet,Branded Budget Hotels Aggregator,Gurgaon,"SoftBank Vision Fund, Lightspeed Venture Partners, Sequoia Capital India Advisors, Greenoaks Capital Partners",Private Equity,250000000,
152,24/04/2017,Toppr,Consumer Internet,Learning mobile app for students,Mumbai,WGG International,Private Equity,3200000,
153,25/04/2017,The Office Pass,Consumer Internet,CoWorking Spaces booking platform,Gurgaon,"Arun Tadanki, Aditya Verma",Seed Funding,245000,
154,25/04/2017,UrbanClap,Consumer Internet,Mobile Services Marketplace,Gurgaon,Trifecta Capital,Private Equity,3100000,
155,26/04/2017,Awfis,Consumer Internet,Collaborative co-Working Spaces,Mumbai,Sequoia India,Private Equity,20000000,
156,26/04/2017,Flytxt,Technology,Customer data analytics software,Mumbai,DAH Beteiligungs GmbH,Private Equity,11000000,
157,26/04/2017,Howdy Ventures,Consumer Internet,Public and Private Events creation app,Chennai,S. Xavier Britto,Seed Funding,1500000,
158,26/04/2017,StalkBuyLove,eCommerce,Online fashion marketplace,New Delhi,Trifecta Capital,Private Equity,1000000,
159,27/04/2017,Scootsy,Consumer Internet,On-Demand Food Delivery,Mumbai,"Agnus Capital, Khattar Holdings",Private Equity,3600000,
160,27/04/2017,iNurture,Consumer Internet,Online Educational courses,Bangalore,BlackSoil Capital Pvt. Ltd,Private Equity,1500000,
161,28/04/2017,Sepalika,Consumer Internet,Healthcare related content platform,New Delhi,Accel Partners,Seed Funding,750000,
162,01/03/2017,Ola,Consumer Internet,App based cab aggregator,Bangalore,SoftBank Group Corp,Private Equity,330000000,
163,01/03/2017,Belong,Consumer Internet,Online Jon Portal,Bangalore,Sequoia Capital India,Private Equity,10000000,
164,02/03/2017,Celes Care,Consumer Internet,Women Healthcare & Information portal,Hyderabad,"Ventureast, Endiya Partners, Eight Roads Ventures, F-Prime Capital Partners",Private Equity,1500000,
165,02/03/2017,Karomi,Technology,Packaging Artwork Management software,Chennai,Ideaspring Capital,Seed Funding,500000,
166,02/03/2017,Red Carpet,Consumer Internet,Micro Lending platform,Gurgaon,Lightspeed Venture Partners,Private Equity,2500000,
167,02/03/2017,CreditMantri,Consumer Internet,Online Credit score & lending platform,Chennai,Quona Capital,Private Equity,7600000,
168,03/03/2017,Tydy,Technology,Employee Onboarding and Engagement platform,Bangalore,"Bhupen Shah, Jayesh Parekh, Sanjay Sathe",Seed Funding,275000,
169,03/03/2017,Oho Shop,Technology,eCommerce Mobile App Builder,Ahmedabad,"Bennett, Coleman and Company Ltd",Private Equity,6700000,
170,03/03/2017,Paytm Marketplace,ECommerce,ECommerce Marketplace,Bangalore,Alibaba,Private Equity,200000000,
171,04/03/2017,iGenetics,Healthcare,Health Diagnostic Solutions,Mumbai,CDC Group Plc,Private Equity,19500000,
172,06/03/2017,Juno Clinic,Consumer Internet,Online Counseling Platform,Mumbai,Atul Nishar,Seed Funding,1200000,
173,06/03/2017,Summerlabel,Consumer Internet,Fashion and Lifestyle discovery platform,Gurgaon,"Aneesh Seth, Tushar Mittal",Seed Funding,150000,
174,06/03/2017,PickMe,Consumer Internet,Gadget Insurance & Repair Services platform,Mumbai,SIDBI Venture Capital Fund,Private Equity,1790000,
175,07/03/2017,Agrostar,Technology,Direct-to-Farmer Mobile-Based Retail platform,Pune,Accel Partners,Private Equity,10000000,
176,07/03/2017,Zapr,Technology,"DSP, TV Analytics & Cross-Platform advertising",Bangalore,Star India Pvt Ltd,Private Equity,10000000,
177,07/03/2017,Data Resolve,Technology,Cyber Security Solutions,Noida,IDFC Parampara Early Stage Opportunities Fund,Private Equity,1000000,
178,07/03/2017,Book Servicing,Consumer Internet,Online Vehicle Services Booking platform,New Delhi,National Science and Technology Entrepreneurship Development Board,Seed Funding,30000,
179,07/03/2017,Blowhorn,Consumer Internet,Intra-City Logistics provider,Bangalore,"IDG Ventures India, Michael & Susan Dell Foundation, Draper Associates, Unitus Seed Fund",Private Equity,3650000,
180,08/03/2017,Rivigo,Logistics,Technology Enabled Logistics Company,Gurgaon,Private Sector Banks (Debt Funding),Private Equity,15000000,
181,08/03/2017,PipeCandy,Technology,Intelligent Sales Prospecting Platform,Chennai,"IDG ventures, Axilor Ventures, Emergent Ventures, Indian Angel Network",Seed Funding,1100000,
182,08/03/2017,Supr Daily,Consumer Internet,Subscription based Home Delivery Platform,Mumbai,Y Combinator,Seed Funding,120000,
183,09/03/2017,AppBrowzer,Consumer Internet,Instant Mobile Apps Store,Bangalore,Deepak Gurnani,Seed Funding,500000,
184,09/03/2017,MagicBricks,Consumer Internet,Online Real Estate Portal,Mumbai,Times Internet Ltd,Private Equity,4500000,
185,10/03/2017,PeeBuddy,Healthcare,Female Hygiene product manufacturer,New Delhi,Indian Angel Network,Seed Funding,443000,
186,10/03/2017,Lavelle Networks,Technology,SDN Solutions,Bangalore,Ideaspring Capital,Seed Funding,600000,
187,15/03/2017,LatestOne,eCommerce,Tech Accessories e-tailer,Hyderabad,"Florintree, Mathew Cyriac, Chidambaram Palaniappan, Bharat Sheth",Private Equity,3350000,
188,15/03/2017,Frapperz,Consumer Internet,On-demand home services provider,Kolkata,Undisclosed Investor,Seed Funding,100000,
189,16/03/2017,mPaani,Consumer Internet,Loyalty rewards app,Mumbai,"IDG Ventures, Blume Ventures, Saha Fund,",Private Equity,1350000,
190,16/03/2017,POPxo,Consumer Internet,Digital Media publication for women,New Delhi,"GREE Ventures, Kalaari Capital and IDG Ventures India, Summit Media, Atul Goel, and Gurpreet Singh",Private Equity,3100000,
191,16/03/2017,Fitso,Consumer Internet,Fitness Mobile App,Gurgaon,"Sujeet Kumar, Bhupender Singh, Yashish Dhaiya",Seed Funding,200000,
192,21/03/2017,Flipkart,eCommerce,ECommerce Marketplace,Bangalore,"Microsoft, eBay, Tencent Holdings",Private Equity,1400000000,
193,21/03/2017,Airpay,Technology,Online payment Gateway,Mumbai,"Kalaari Capital, Rakesh and Rajesh Jhunjhunwala",Private Equity,3670000,
194,21/03/2017,MyGlamm,Consumer Internet,On-Demand Beauty Services,Mumbai,L’Occitane,Private Equity,5300000,
195,22/03/2017,Haqdarshak,Consumer Internet,Tech-Enabled Social Enterprise,Bangalore,"Ravi Saxena, Sandeep Raju,",Seed Funding,191000,
196,23/03/2017,Ixigo,Consumer Internet,Online Travel Search Engine,Gurgaon,"Sequoia Capital, Kinzon Capital",Private Equity,15000000,
197,23/03/2017,Markets and Markets,Technology,Marketing Research Company,Pune,"FTV Capital, Zodius Capital",Private Equity,56000000,
198,24/03/2017,Bizom,Technology,supply chain automation platform,Bangalore,Ojas Ventures,Seed Funding,382000,
199,24/03/2017,Delhivery,Technology,Tech enabled Fulfilment & Logistics Solutions,New Delhi,"Carlyle Group, Tiger Global",Private Equity,100000000,
200,28/03/2017,Fynd,ECommerce,Online fashion marketplace,Mumbai,Venture Catalysts,Private Equity,500000,
201,28/03/2017,DoneThing,Consumer Internet,On-demand Personal Assistant service,Gurgaon,Brand Capital,Private Equity,300000,
202,29/03/2017,Ithaka,Consumer Internet,Vacation Trip Planning platform,Mumbai,"Ankit Gupta, Puneet Motihar",Seed Funding,325000,
203,29/03/2017,perpule,eCommerce,Self-Checkout ECommerce App,Bangalore,KStart Capital,Seed Funding,650000,
204,29/03/2017,Licious,ECommerce,Online Meat Ordering platform,Bangalore,"Mayfield India, 3one4 Capital, Sistema Asia Fund, Neoplux Technology Fund",Private Equity,10000000,
205,29/03/2017,Medinfi,Consumer Internet,Doctor & Hospital search Platform,Bangalore,"Vinod Martin, Hemant Kaul, Prof. Ram Kumar Kakani & Others",Seed Funding,50000,
206,31/03/2017,Jhakaas,Consumer Internet,Offline Business Aggregator App,Mumbai,"Malini Patel, Stelcore Management Services, Anjani Prasad",Seed Funding,155000,
207,31/03/2017,Oriano Solar,Technology,Turnkey Solar Solutions,Mumbai,Samridhi Fund,Private Equity,3000000,
208,31/03/2017,BigBasket,ECommerce,Online Grocer,Bangalore,Trifecta Capital,Private Equity,7000000,
209,31/03/2017,Icertis,Technology,ERP solutions provider,Pune,"B Capital Group, Ignition Partners, Greycroft, e.ventures,  Eight Roads Ventures",Private Equity,25000000,
210,06/02/2017,Capital Float,Consumer Internet,Online lending platform,Bangalore,IFMR Capital Finance,Private Equity,2500000,
211,07/02/2017,Inner Hour,Consumer Internet,Online Counselling Platform,Mumbai,"Batlivala & Karani Securities, Venture Works",Seed Funding,450000,
212,07/02/2017,Travel Triangle,Consumer Internet,Online travel agent marketplace,Noida,"RB Investments, SAIF Partners, Bessemer Venture Partners",Private Equity,10000000,
213,08/02/2017,Wandertrails,Consumer Internet,"Online Travel, Adventure & Activities Portal",Bangalore,Earlsfield Capital,Seed Funding,1000000,
214,08/02/2017,Zenatix,Technology,IoT Based Energy Monitoring & Control,Gurgaon,"pi Ventures, Blume Ventures",Private Equity,1200000,
215,08/02/2017,Cartrade,Consumer Internet,Automobile Classifieds Portal,Mumbai,Temasek Holdings,Private Equity,55000000,
216,08/02/2017,Edurev,Consumer Internet,Online Education Portal,Gurgaon,Facebook FB Start programme,Seed Funding,40000,
217,09/02/2017,Voonik,ECommerce,Women Apparel & Lifestyle etailer,Bangalore,"RB Investments, Sequoia Capital",Private Equity,6000000,
218,09/02/2017,Wooplr,ECommerce,Women Fashion Portal,Bangalore,"Sistema Asia Fund, Amereus Group, Helion Ventures",Private Equity,8000000,
219,10/02/2017,48East,ECommerce,Online Food Delivery Platform,Bangalore,Al Dhaheri family,Private Equity,500000,
220,13/02/2017,Sigtuple,Technology,Medical Automation platform,Bangalore,"Accel Partners, IDG Ventures, Endiya Partners, pi Ventures, VH Capital, Axilor Partners",Private Equity,5800000,
221,13/02/2017,Flutura,Technology,Decision Sciences Analytics Solutions,Bangalore,"Vertex Ventures, Lumis Partners",Private Equity,7500000,
222,13/02/2017,Wassup,Consumer Internet,On Demand Laundry & Dry Cleaning Services,Chennai,Anil Jain & other HNIs,Private Equity,3200000,
223,13/02/2017,Better Mortgage,Consumer Internet,Mortgage Offering Platform,Gurgaon,"Kleiner Perkins, Goldman Sachs, Pine Brook",Private Equity,15000000,
224,13/02/2017,Nurturey,Consumer Internet,Parenting Mobile App,New Delhi,Mohit Joshi & Others,Seed Funding,330000,
225,13/02/2017,Fyle,Technology,Expense Management Solution,Bangalore,Pravega Ventures,Seed Funding,400000,
226,14/02/2017,GoBumpr,Consumer Internet,Online Bike & Car Services provider,Chennai,"Mahalingam K, Girish Mathrubootham",Seed Funding,300000,
227,14/02/2017,CCAvenue,Consumer Internet,Online Payment Gateway,Mumbai,Infibeam,Private Equity,22400000,
228,15/02/2017,ZestMoney,Consumer Internet,Online Consumer Lending platform,Bangalore,"PayU, Ribbit Capital, Omidyar Network",Private Equity,6500000,
229,15/02/2017,AirZaar,Technology,Drone operations management platform,Missourie,Quake Capital,Seed Funding,350000,
230,16/02/2017,Truebil,Consumer Internet,Online Marketplace for Used Cars,Mumbai,Shunwei Capital,Private Equity,3000000,
231,16/02/2017,YourStory,Consumer Internet,Online Media,Bangalore,"Kalaari Capital Partners, Qualcomm, 3ONE4 Capital Advisors, UC-RNT",Private Equity,3000000,
232,17/02/2017,Imaginate,Technology,AR & VR platform,Hyderabad,SRI Capital,Seed Funding,500000,
233,17/02/2017,The Ken,Consumer Internet,Online Media Platform,Bangalore,"Aprameya Radhakrishna, Deepak Natraj, Girish Mathrubootham, Mahesh Murthy, Pallav Nadhani, Pavan Ongole, Sandeep Mathur, Vijay Shekhar Sharma & Others",Seed Funding,400000,
234,17/02/2017,Urban Ladder,ECommerce,Online Furniture Store,Bangalore,"Kalaari Capital, SAIF Partners, Steadview Capital, Sequoia Capital",Private Equity,15200000,
235,17/02/2017,Leopetra,eCommerce,Solution provider for pet needs,Mumbai,Facebook FBStart,Seed Funding,40000,
236,18/02/2017,Blood n Care,Consumer Internet,First Aid care app,Gurgaon,Facebook FBStart,Seed Funding,40000,
237,20/02/2017,Flipkart,eCommerce,Online Marketplace,Bangalore,"Bennett, Coleman and Co. Ltd (BCCL)",Private Equity,38700000,
238,21/02/2017,True Balance,Consumer Internet,Mobile balance Checking App,Gurgaon,"Softbank Ventures Korea, IMM Investment",Private Equity,15000000,
239,22/02/2017,Vebbler,Consumer Internet,Photo Sharing for Groups,Bangalore,Facebook FBStart,Seed Funding,40000,
240,23/02/2017,Get My Parking,Consumer Internet,Smart Parking Platform,New Delhi,"Indian Angel Network (IAN), BEENEXT, The Chennai Angels, Sunil Munjal",Private Equity,1100000,
241,27/02/2017,Biryani By Kilo,Consumer Internet,Online Food Ordering & Delivery Portal,Gurgaon,"Chandigarh Angels, Ashish Gupta, Rohit, Ashish Chand, Sunil Singh & Others",Seed Funding,375000,
242,27/02/2017,Johari Shop,ECommerce,Online Jewellery etailer,Bangalore,Undisclosed Investors,Seed Funding,94000,
243,28/02/2017,NeoStencil,Consumer Internet,Live Online Coaching Classes,New Delhi,"Brand Capital, Paragon Trust",Private Equity,1000000,
244,28/02/2017,Blackbuck,Logistics,Online freight aggregator,Bangalore,"Sands Capital, IFC, Accel Partners, Flipkart, Sanjiv Rangrass",Private Equity,70000000,
245,02/01/2017,TaxSutra,Consumer Internet,Online Tax Filing platform,Pune,"TV Mohandas Pai, V Balakrishnan, PV Srinivasan",Seed Funding,366000,
246,03/01/2017,TempoGo,Technology,IoT & SAAS Solutions for Transportation Industry,Panaji,K2 Capital,Seed Funding,825000,
247,06/01/2017,Leap India,Logistics,Supply Chain Solutions Provider,Mumbai,"India Nivesh Growth Fund, Sixth Sense, TCI Ventures",Private Equity,13000000,
248,07/01/2017,FreeCharge,Consumer Internet,Mobile Wallet,Mumbai,Jasper Infotech Pvt Ltd,Private Equity,57000000,
249,09/01/2017,TicketNew,Consumer Internet,Movie Ticket Booking platform,Chennai,Alibaba Pictures,Private Equity,35000000,
250,10/01/2017,Intelligence Node,Technology,SAAS Based Retail Analytics Solutions,Mumbai,BlackSoil Capital Pvt Ltd,Private Equity,800000,
251,10/01/2017,Securens,Technology,e-surveillance services provider,Mumbai,"Mayfield India, Trifecta Capital",Private Equity,5000000,
252,10/01/2017,Loan Frame,Consumer Internet,Small Business Loans Marketplace platform,Gurgaon,"Vedanta Capital, William Campbell, Toos N Daruvala",Private Equity,2250000,
253,10/01/2017,Medinfi,Consumer Internet,Doctor & Clinic Discovery portal,Bangalore,"Vinod Martin, Evan Lim, Kanchan Ghoshal, Ram Kumar Kakani",Seed Funding,100000,
254,10/01/2017,LensKart,eCommerce,Online eyewear retailer,Bangalore,Ronnie Screwvala,Private Equity,3500000,
255,12/01/2017,Hansel.io,Consumer Internet,Real-time Mobile App Management Platform,Bangalore,"IDG Ventures, Endiya Partners",Private Equity,1350000,
256,12/01/2017,Square Yards,Consumer Internet,Property Search Aggregator platform,Gurgaon,"Lohia Group, Andre Hoffman",Private Equity,10000000,
257,13/01/2017,Roambee,Technology,IoT smart Logistics and Asset Management Company,Mumbai,Deutsche Telekom Strategic Investments & Others,Private Equity,4100000,
258,13/01/2017,iService,Consumer Internet,Gadgets Repair & Service Booking platform,Bangalore,"Blume Ventures, Girish Mathrubootham, Aprameya Radhakrishna",Seed Funding,440000,
259,14/01/2017,Unacademy,Consumer Internet,Online learning platform,Bangalore,"Nexus Venture Partners, Blume Ventures",Private Equity,4500000,
260,16/01/2017,ZoloStays,Consumer Internet,Branded PG Accomodation booking platform,Bangalore,"Nexus Venture Partners, Innoven Capital",Private Equity,5000000,
261,16/01/2017,HipCouch,Consumer Internet,Custom & Modular Furniture platform,Mumbai,Undisclosed Investors,Seed Funding,700000,
262,17/01/2017,Curiositi,Consumer Internet,Online Learning Platform,Bangalore,"Menterra Social Impact Fund, Unitus Seed Fund",Private Equity,800000,
263,17/01/2017,TinyStep,Consumer Internet,Parenting Info & Social Network,Bangalore,Flipkart,Private Equity,2000000,
264,17/01/2017,Practo,Consumer Internet,Online Healthcare platform,Bangalore,"Tencent,  ru-Net, RSI Fund, Thrive Capital",Private Equity,55000000,
265,17/01/2017,Ketchupp,Consumer Internet,Food Discovery Platform,New Delhi,India Quotient and others,Seed Funding,441000,
266,17/01/2017,Hoopy,Consumer Internet,Online Car Service Platform,Gwalior,undisclosed investors,Seed Funding,500000,
267,17/01/2017,Ezytruk,Consumer Internet,Logistics and truck aggregator platform,Bangalore,"Ajith Nair, Anish K",Seed Funding,147000,
268,18/01/2017,Vahdam Teas,eCommerce,Online Tea etailer,New Delhi,"Mumbai Angels Network, Fireside Ventures, Singapore Angel Network",Seed Funding,650000,
269,18/01/2017,Qwikspec,Technology,Cloud-based construction,Bangalore,Undisclosed Investors,Seed Funding,300000,
270,19/01/2017,Weddingz.in,Consumer Internet,Online Marketplace for Wedding Venues and vendors,Mumbai,Singularity Ventures,Private Equity,1000000,
271,22/01/2017,MessaGif,Consumer Internet,social messaging platform,New Delhi,Undisclosed investor,Seed Funding,50000,
272,23/01/2017,CueMath,Technology,Maths Learning program,New Delhi,"CapitalG, Sequoia India",Private Equity,15000000,
273,24/01/2017,Khel Now,Consumer Internet,Mobile-based Social Platform for Sports,Bangalore,Indochine International,Private Equity,500000,
274,24/01/2017,NowFloats,Consumer Internet,Platform to take businesses online,Hyderabad,"Iron Pillar and IIFL, Blume Ventures, Omidyar Network",Private Equity,10000000,
275,24/01/2017,Lets Transport,Consumer Internet,Online transport vehicle booking platform,Bangalore,"GMO Japan, Neelesh Bhatnagar",Private Equity,4000000,
276,25/01/2017,RML Agtech,Technology,Agri Decision Support Solution for farmers,Pune,IvyCap Ventures,Private Equity,4000000,
277,25/01/2017,InstaSafe,Technology,Security-as-a-Service solution provider,Bangalore,ABM Knowledgeware,Private Equity,2200000,
278,25/01/2017,Infibeam,eCommerce,eCommerce Marketplace,Ahmedabad,"Bennett, Coleman and Company Ltd",Private Equity,8800000,
279,26/01/2017,AirMed Labs,Consumer Internet,Health Tests Booking platform & ePharmacy,Ahmedabad,Brand Capital,Private Equity,1400000,
280,26/01/2017,99PerHour,Consumer Internet,Hyper-local Handyman Service provider,Chennai,V Aanand R,Seed Funding,300000,
281,30/01/2017,Intuit Things,Technology,IoT solutions for home automation applications,Mumbai,Sanjay Mehta & Others ( The Ten Minute Million),Seed Funding,106000,
282,30/01/2017,Cloudrino,Technology,Cloud based Virtual Servers,New Delhi,The Ten Minute Million,Seed Funding,22500,
283,30/01/2017,FabX,eCommerce,Used Furniture Marketplace,Mumbai,The Ten Minute Million,Seed Funding,68000,
284,30/01/2017,Maptags,Consumer Internet,Smart Online address tags,Bangalore,The Ten Minute Million,Seed Funding,18000,
285,31/01/2017,Heads Up For Tails,eCommerce,Online Pet Products Store,New Delhi,Undisclosed Investors,Private Equity,2000000,
286,01/12/2016,SidQam,Technology,Healthcare Software System,Noida,"SQue Capital, Grace Capital Ventures, Soham Vencaps",Private Equity,1200000,
287,01/12/2016,India Lends,Consumer Internet,Online Instant personal Loan provider,New Delhi,"DSG Consumer Partners, American Express Ventures, Cyber Carrier VC, AdvantEdge Partners",Private Equity,4000000,
288,01/12/2016,Slide App,Consumer Internet,Lock screen Rewards mobile app,New Delhi,Songhyun Investment,Private Equity,3600000,
289,02/12/2016,Badiyajobs,Consumer Internet,Entry-Level job Seekers platform,New Delhi,Undisclosed,Seed Funding,100000,
290,02/12/2016,TYGR,Technology,Transport and logistics mobile App,Mumbai,Franchise India,Private Equity,3000000,
291,05/12/2016,UrDoorStep,eCommerce,Online Grocery Store,Bangalore,Lakshmi Vilas Bank & undisclosed HNIs,Private Equity,1400000,
292,06/12/2016,Diro Labs,Consumer Internet,Mobile Contacts Management app,New Delhi,Info Edge (India),Seed Funding,147000,
293,07/12/2016,Revv,Consumer Internet,Self-Driven Car Services booking portal,New Delhi,Edelweiss Private Equity,Private Equity,9000000,
294,07/12/2016,WealthApp,Consumer Internet,Online Investment Advisory platform,Bangalore,"Venk Krishnan, MJ Aravind, Vikram Kotak, Jayant Davar,  Ramkumar Nishtal, Arjun Sharmaa",Seed Funding,440000,
295,08/12/2016,Zest Money,Consumer Internet,Online Consumer Lending platform,Mumbai,PayU,Private Equity,6500000,
296,08/12/2016,GoMechanic,Consumer Internet,Online Car servicing Booking platform,Gurgaon,Venture Catalysts,Seed Funding,250000,
297,09/12/2016,Stalk Buy Love,eCommerce,Fashion Apparel eTailer,New Delhi,Kalaari Capital,Private Equity,6000000,
298,09/12/2016,Wittyparot,Technology,Content Management & Productivity platform,Bangalore,Mumbai Angels,Seed Funding,450000,
299,09/12/2016,NeuroEquilibrium,Technology,Health-Tech platform,Jaipur,Unicorn India Ventures,Seed Funding,250000,
300,12/12/2016,Xseed Education,Technology,Education & learning Tech platform,Bangalore,Verlinvest SA,Private Equity,10000000,
301,12/12/2016,Rupaiya Exchange,Consumer Internet,P2P Lending platform,New Delhi,Undisclosed Investors,Seed Funding,200000,
302,12/12/2016,Doctor Insta,Consumer Internet,Online Doctor Consulting platform,Gurgaon,RoundGlass Partners,Private Equity,2000000,
303,12/12/2016,Fresh Food Concepts,Food & Beverage,Cold Press Juice manufacturer & seller,New Delhi,"Siddhartha Gupta, Ashvin Chadha",Seed Funding,2000000,
304,13/12/2016,Indifi,Consumer Internet,Online lending platform,Gurgaon,Omidyar Network,Private Equity,10000000,
305,13/12/2016,OfBusiness,eCommerce,Online business-to-business (B2B) marketplace,Gurgaon,"Zodius Technology Opportunities Fund, Matrix Partners",Private Equity,11100000,
306,14/12/2016,Qacco,Consumer Internet,Hotel Booking platform,Gurgaon,"Lead Angels Network, Anbu Pandian, Prabhakar MR & Others",Seed Funding,150000,
307,14/12/2016,Fitpass,Consumer Internet,Fitness center aggregator & Booking mobile app,New Delhi,Mumbai Angels,Seed Funding,1000000,
308,14/12/2016,Trading Bells,Consumer Internet,Online Share & Commodity Broking platform,Indore,Swastika Investmart Ltd,Seed Funding,297000,
309,15/12/2016,SERV’D,Consumer Internet,Financial Services For Unorganized Workforce,Pune,Digital Financial Service Lab,Seed Funding,100000,
310,15/12/2016,IdeaForge,Technology,Drone Manufacturing,Mumbai,"WRV Capital and IndusAge Partners, Infosys Innovation Fund",Private Equity,10000000,
311,15/12/2016,Amagi Media Labs,Technology,Media Technology Solutions,Mumbai,"Emerald Media, Premji Invest",Private Equity,35000000,
312,15/12/2016,Pocket Aces,Technology,Digital Entertainment Company,Mumbai,"Sequoia Capital India, North Base Media, Aarin Capital, 3one4 Capital, Axilor Ventures, Kunal Shah, Sandeep Tandon",Private Equity,3000000,
313,16/12/2016,Pi Data Centers,Technology,Cloud Data Center Solutions provider,Hyderabad,Epsilon Venture Partners,Private Equity,23000000,
314,16/12/2016,TripShelf,Consumer Internet,Holiday Packages provider,New Delhi,"GEMS Advisory, Quarizon",Seed Funding,123000,
315,19/12/2016,NoBroker,Consumer Internet,Rental property search portal,Bangalore,"KTB Network, SAIF Partners, BEENEXT, Digital Garage",Private Equity,7400000,
316,20/12/2016,VivoCarat,eCommerce,Online jewellery marketplace,Mumbai,Undisclosed Investors,Seed Funding,50000,
317,20/12/2016,BYJU’s,Consumer Internet,Online Learning platform,Bangalore,International Financial Corporation,Private Equity,15000000,
318,21/12/2016,The BlueBook,Consumer Internet,online to offline marketing platform,Bangalore,"Indian Angel Network, Let’s Venture",Seed Funding,500000,
319,21/12/2016,Vegetall,eCommerce,Online Vegetable eTailer,Chennai,The Chennai Angels,Seed Funding,162000,
320,22/12/2016,Mindler,Consumer Internet,Career Planning & Assessment platform,New Delhi,Taxmann,Seed Funding,324000,
321,22/12/2016,MCaffeine,eCommerce,Personal care product etailer,Bangalore,"Kaushal Agarwal, Harminder Sahani, KK Mehra, Pranay Jivrajka, Navjot Saini",Seed Funding,300000,
322,23/12/2016,enKast,Technology,Cloud based CRM for Agencies,Bangalore,Ivy League Alumni Angel Network,Private Equity,2000000,
323,26/12/2016,Dekkho,Consumer Internet,Video Streaming platform,Mumbai,undisclosed investors,Seed Funding,1200000,
324,26/12/2016,Shadowfox,Logistics,On-Demand Delivery Service,Gurgaon,Eight Roads Ventures,Private Equity,10000000,
325,27/12/2016,ShopX,eCommerce,SAAS ECommerce Retail app,Bangalore,Nandan Nilekani,Private Equity,5000000,
326,29/12/2016,Healthifyme,Consumer Internet,Fitness Mobile App,Bangalore,NB Ventures,Private Equity,1000000,
327,01/11/2016,PickMyLaundry,Consumer Internet,On-Demand Washing & Dry Cleaning Services,New Delhi,"Kedar Lele, GHV Accelerator",Seed Funding,200000,
328,02/11/2016,FreshDesk,Consumer Internet,SAAS Based HelpDesk Services,Chennai,"Sequoia Capital India, Accel Partners",Private Equity,55000000,
329,02/11/2016,LaundryAnna,Consumer Internet,On-Demand Washing & Dry Cleaning Services,Bangalore,Undisclosed Investors,Seed Funding,150000,
330,03/11/2016,Zarget,Technology,SaaS-based web optimisation and marketing platform,Chennai,Sequoia India,Private Equity,6000000,
331,03/11/2016,EasyPolicy,Consumer Internet,Online insurance Portal,Noida,"Unilazer Ventures,",Private Equity,10000000,
332,04/11/2016,Connect India,Logistics,Last mile Delivery Network,Bangalore,Aavishkaar Venture Management,Private Equity,1000000,
333,04/11/2016,Corseco,Technology,AI-based Software as a Service Solution provider,New Delhi,"Ameera Shah, Vivek Bhargava",Seed Funding,150000,
334,05/11/2016,Medzin,eCommerce,Online ordering & Delivery of medicines,New Delhi,A M Sikander,Seed Funding,45000,
335,05/11/2016,Bizongo,eCommerce,Packaging Material Marketplace,Mumbai,"IDG Ventures, Accel Partners",Private Equity,3000000,
336,07/11/2016,Rivigo,Technology,Technology based Logistics platform,Gurgaon,Warburg Pincus,Private Equity,75000000,
337,07/11/2016,JustRide,Consumer Internet,Online Car Sharing platform,Mumbai,"Justin Kan, Qasar Younis, Paul Bucche, Susa Ventures, Kima Ventures, Axan Venture, SCM Holdings",Private Equity,3000000,
338,09/11/2016,IIM Jobs,Consumer Internet,Online Job Portal,New Delhi,India Quotient,Private Equity,2000000,
339,09/11/2016,Square Yards,Consumer Internet,Online Property Search Portal,Gurgaon,ADAG Reliance Private Equity,Private Equity,12000000,
340,10/11/2016,GolfLAN,Consumer Internet,Golf Session Online Bookings platform,New Delhi,"YourNest Angel Fund, iSON",Private Equity,1000000,
341,14/11/2016,Active.ai,Technology,Banking & Fintech Platform,Singapore,"Kalaari Capital, IDG Ventures India",Private Equity,3000000,
342,14/11/2016,ElasticRun,Technology,Tech driven Logistic & distribution platform,Pune,"Kalaari Capital, Norwest Venture Partners",Private Equity,2000000,
343,15/11/2016,Zefo,eCommerce,Used Furniture & Appliances Marketplace,Bangalore,"Sequoia India, BEENEXT, Helion Ventures",Private Equity,6000000,
344,15/11/2016,PlaySimple,Technology,Mobile Gaming portal,Bangalore,"SAIF Partners, IDG Ventures India",Private Equity,4000000,
345,16/11/2016,Stasis Labs,Technology,Cloud based  health monitoring platform,Bangalore,"RTP-HC, Wonder Ventures, Techstars Ventures & Others",Private Equity,5000000,
346,17/11/2016,Koovs,eCommerce,Fashion eTailer,New Delhi,Times of India Group & Existing investors,Private Equity,13500000,
347,17/11/2016,Pictor Imaging,Consumer Internet,Product Photography Mobile App,Mumbai,Quarizon,Seed Funding,147000,
348,18/11/2016,GramCover,Finance,Insurance Marketplace for the Rural Sector,New Delhi,Omnivore Capital,Seed Funding,1000000,
349,21/11/2016,Bats on delivery,Consumer Internet,"Online food, Grocery ordering & Delivery",Gurgaon,Devdeep Singh,Seed Funding,90000,
350,21/11/2016,numberz.in,Technology,Cash Flow Management Solution for Businesses,Gurgaon,"Kae Capital, Khosla Impact",Seed Funding,650000,
351,22/11/2016,Housing.com,Consumer Internet,Real Estate Portal,Mumbai,Softbank Group,Private Equity,5000000,
352,22/11/2016,Awesummly,Consumer Internet,Short News Mobile App,Bangalore,"Vivek Bhargava, Ameera Shah",Seed Funding,147000,
353,22/11/2016,Vymo,Technology,SaaS-based predictive analytics platform,Bangalore,Sequoia India,Private Equity,5000000,
354,22/11/2016,Noddapp,Consumer Internet,App based networking platform,Mumbai,Undisclosed multiple investors,Seed Funding,147000,
355,23/11/2016,Knowlarity,Consumer Internet,Cloud Telephony Platform,Bangalore,"Delta Partners, Sequoia India,  Mayfield, Blacksoil, Trifecta Capital",Private Equity,20000000,
356,23/11/2016,Infisecure,Technology,Bot Protection Solutions,Mumbai,"IDG Ventures, Axilor Ventures",Seed Funding,600000,
357,23/11/2016,Udaan,eCommerce,B2B Marketplace,Bangalore,"Lightspeed Venture Partners India, Lightspeed US",Private Equity,10000000,
358,24/11/2016,ShareChat,Consumer Internet,Local Language Social Networking Platform,Mumbai,"Lightspeed India Partners, SAIF Partners, India Quotient, Venture Highway",Private Equity,4000000,
359,28/11/2016,Kloseby,Consumer Internet,proximity based  Rewards platform,Bangalore,Undisclosed Investor,Seed Funding,100000,
360,28/11/2016,WholeSaleBox,eCommerce,B2B Wholesale Apparel Marketplace,Jaipur,"Manish Maheshwari, Contrarian Vriddhi Fund",Private Equity,2000000,
361,11/12/2015,Weddingz.in,Wedding Venues & Vendors Marketplace,,Mumbai,"Rajan Anandan, Zoya Akhtar, Reema Kagati, Ruchi Narain, Amrish Kumar, Hrishikesh Parandekar",Seed Funding,1000000,
362,17/09/2015,YepMe,Private label Fashion eTailer,,Gurgaon,"Khazanah Nasional Berhad, Helion Venture Partners",Private Equity,75000000,Series D
363,17/09/2015,Bueno,Online Food ordering & delivery,,Gurgaon,High Networth Individuals (No details),Seed Funding,600000,
364,18/09/2015,Plabro,Real Estate Broker Platform App,,New Delhi,"Sachin Bansal & Binny Bansal, Sol Primero, Outbox Ventures, Sangram Singh",Seed Funding,350000,
365,18/09/2015,CureJoy,Online Health & Wellness platform,,Bangalore,"Accel Partners, Subrata Mitra, Larry Braitman, Venk Krishna",Private Equity,1150000,Pre-Series A
366,18/09/2015,Briston Technomach,Internet of Things platform,,New Delhi,Undisclosed,Seed Funding,150000,
367,18/09/2015,LabStreet,Diagnostic Labs aggregator platform,,Gurgaon,Multiple investors,Seed Funding,150000,